WHO_catalog,TBprofiler,SAMTB,GenTB,MDCNN
1,1,1,1,0.957823
1,1,1,1,0.97051
1,1,1,1,0.957917
0,0,0,0,0.140778
1,1,1,1,0.980599